
<RENDERBATCH>

  <RENDERIMG RASNAME="I:\labz\wendu\SDK\SDK_Export\hw\imgs\proc_sys_reset_0.jpg" SVGNAME="I:\labz\wendu\SDK\SDK_Export\hw\imgs\proc_sys_reset_0.svg" TMPSVGFN="I:\labz\wendu\__xps\.dswkshop\proc_sys_reset_0.svg"/>

  <RENDERIMG RASNAME="I:\labz\wendu\SDK\SDK_Export\hw\imgs\microblaze_0_ilmb.jpg" SVGNAME="I:\labz\wendu\SDK\SDK_Export\hw\imgs\microblaze_0_ilmb.svg" TMPSVGFN="I:\labz\wendu\__xps\.dswkshop\microblaze_0_ilmb.svg"/>

  <RENDERIMG RASNAME="I:\labz\wendu\SDK\SDK_Export\hw\imgs\microblaze_0_i_bram_ctrl.jpg" SVGNAME="I:\labz\wendu\SDK\SDK_Export\hw\imgs\microblaze_0_i_bram_ctrl.svg" TMPSVGFN="I:\labz\wendu\__xps\.dswkshop\microblaze_0_i_bram_ctrl.svg"/>

  <RENDERIMG RASNAME="I:\labz\wendu\SDK\SDK_Export\hw\imgs\microblaze_0_dlmb.jpg" SVGNAME="I:\labz\wendu\SDK\SDK_Export\hw\imgs\microblaze_0_dlmb.svg" TMPSVGFN="I:\labz\wendu\__xps\.dswkshop\microblaze_0_dlmb.svg"/>

  <RENDERIMG RASNAME="I:\labz\wendu\SDK\SDK_Export\hw\imgs\microblaze_0_d_bram_ctrl.jpg" SVGNAME="I:\labz\wendu\SDK\SDK_Export\hw\imgs\microblaze_0_d_bram_ctrl.svg" TMPSVGFN="I:\labz\wendu\__xps\.dswkshop\microblaze_0_d_bram_ctrl.svg"/>

  <RENDERIMG RASNAME="I:\labz\wendu\SDK\SDK_Export\hw\imgs\microblaze_0_bram_block.jpg" SVGNAME="I:\labz\wendu\SDK\SDK_Export\hw\imgs\microblaze_0_bram_block.svg" TMPSVGFN="I:\labz\wendu\__xps\.dswkshop\microblaze_0_bram_block.svg"/>

  <RENDERIMG RASNAME="I:\labz\wendu\SDK\SDK_Export\hw\imgs\microblaze_0.jpg" SVGNAME="I:\labz\wendu\SDK\SDK_Export\hw\imgs\microblaze_0.svg" TMPSVGFN="I:\labz\wendu\__xps\.dswkshop\microblaze_0.svg"/>

  <RENDERIMG RASNAME="I:\labz\wendu\SDK\SDK_Export\hw\imgs\debug_module.jpg" SVGNAME="I:\labz\wendu\SDK\SDK_Export\hw\imgs\debug_module.svg" TMPSVGFN="I:\labz\wendu\__xps\.dswkshop\debug_module.svg"/>

  <RENDERIMG RASNAME="I:\labz\wendu\SDK\SDK_Export\hw\imgs\clock_generator_0.jpg" SVGNAME="I:\labz\wendu\SDK\SDK_Export\hw\imgs\clock_generator_0.svg" TMPSVGFN="I:\labz\wendu\__xps\.dswkshop\clock_generator_0.svg"/>

  <RENDERIMG RASNAME="I:\labz\wendu\SDK\SDK_Export\hw\imgs\axi4lite_0.jpg" SVGNAME="I:\labz\wendu\SDK\SDK_Export\hw\imgs\axi4lite_0.svg" TMPSVGFN="I:\labz\wendu\__xps\.dswkshop\axi4lite_0.svg"/>

  <RENDERIMG RASNAME="I:\labz\wendu\SDK\SDK_Export\hw\imgs\RS232.jpg" SVGNAME="I:\labz\wendu\SDK\SDK_Export\hw\imgs\RS232.svg" TMPSVGFN="I:\labz\wendu\__xps\.dswkshop\RS232.svg"/>

  <RENDERIMG RASNAME="I:\labz\wendu\SDK\SDK_Export\hw\imgs\Generic_IIC_Bus.jpg" SVGNAME="I:\labz\wendu\SDK\SDK_Export\hw\imgs\Generic_IIC_Bus.svg" TMPSVGFN="I:\labz\wendu\__xps\.dswkshop\Generic_IIC_Bus.svg"/>

  <RENDERIMG RASNAME="I:\labz\wendu\SDK\SDK_Export\hw\imgs\wendu_blkd.jpg" SVGNAME="I:\labz\wendu\SDK\SDK_Export\hw\imgs\wendu_blkd.svg" TMPSVGFN="I:\labz\wendu\__xps\.dswkshop\wendu_blkd.svg"/>

</RENDERBATCH>