
<RENDERBATCH>

  <RENDERIMG RASNAME="E:\digilent\seg\SDK\SDK_Export\hw\imgs\proc_sys_reset_0.jpg" SVGNAME="E:\digilent\seg\SDK\SDK_Export\hw\imgs\proc_sys_reset_0.svg" TMPSVGFN="E:\digilent\seg\__xps\.dswkshop\proc_sys_reset_0.svg"/>

  <RENDERIMG RASNAME="E:\digilent\seg\SDK\SDK_Export\hw\imgs\microblaze_0_ilmb.jpg" SVGNAME="E:\digilent\seg\SDK\SDK_Export\hw\imgs\microblaze_0_ilmb.svg" TMPSVGFN="E:\digilent\seg\__xps\.dswkshop\microblaze_0_ilmb.svg"/>

  <RENDERIMG RASNAME="E:\digilent\seg\SDK\SDK_Export\hw\imgs\microblaze_0_i_bram_ctrl.jpg" SVGNAME="E:\digilent\seg\SDK\SDK_Export\hw\imgs\microblaze_0_i_bram_ctrl.svg" TMPSVGFN="E:\digilent\seg\__xps\.dswkshop\microblaze_0_i_bram_ctrl.svg"/>

  <RENDERIMG RASNAME="E:\digilent\seg\SDK\SDK_Export\hw\imgs\microblaze_0_dlmb.jpg" SVGNAME="E:\digilent\seg\SDK\SDK_Export\hw\imgs\microblaze_0_dlmb.svg" TMPSVGFN="E:\digilent\seg\__xps\.dswkshop\microblaze_0_dlmb.svg"/>

  <RENDERIMG RASNAME="E:\digilent\seg\SDK\SDK_Export\hw\imgs\microblaze_0_d_bram_ctrl.jpg" SVGNAME="E:\digilent\seg\SDK\SDK_Export\hw\imgs\microblaze_0_d_bram_ctrl.svg" TMPSVGFN="E:\digilent\seg\__xps\.dswkshop\microblaze_0_d_bram_ctrl.svg"/>

  <RENDERIMG RASNAME="E:\digilent\seg\SDK\SDK_Export\hw\imgs\microblaze_0_bram_block.jpg" SVGNAME="E:\digilent\seg\SDK\SDK_Export\hw\imgs\microblaze_0_bram_block.svg" TMPSVGFN="E:\digilent\seg\__xps\.dswkshop\microblaze_0_bram_block.svg"/>

  <RENDERIMG RASNAME="E:\digilent\seg\SDK\SDK_Export\hw\imgs\microblaze_0.jpg" SVGNAME="E:\digilent\seg\SDK\SDK_Export\hw\imgs\microblaze_0.svg" TMPSVGFN="E:\digilent\seg\__xps\.dswkshop\microblaze_0.svg"/>

  <RENDERIMG RASNAME="E:\digilent\seg\SDK\SDK_Export\hw\imgs\debug_module.jpg" SVGNAME="E:\digilent\seg\SDK\SDK_Export\hw\imgs\debug_module.svg" TMPSVGFN="E:\digilent\seg\__xps\.dswkshop\debug_module.svg"/>

  <RENDERIMG RASNAME="E:\digilent\seg\SDK\SDK_Export\hw\imgs\clock_generator_0.jpg" SVGNAME="E:\digilent\seg\SDK\SDK_Export\hw\imgs\clock_generator_0.svg" TMPSVGFN="E:\digilent\seg\__xps\.dswkshop\clock_generator_0.svg"/>

  <RENDERIMG RASNAME="E:\digilent\seg\SDK\SDK_Export\hw\imgs\axi4lite_0.jpg" SVGNAME="E:\digilent\seg\SDK\SDK_Export\hw\imgs\axi4lite_0.svg" TMPSVGFN="E:\digilent\seg\__xps\.dswkshop\axi4lite_0.svg"/>

  <RENDERIMG RASNAME="E:\digilent\seg\SDK\SDK_Export\hw\imgs\RS232.jpg" SVGNAME="E:\digilent\seg\SDK\SDK_Export\hw\imgs\RS232.svg" TMPSVGFN="E:\digilent\seg\__xps\.dswkshop\RS232.svg"/>

  <RENDERIMG RASNAME="E:\digilent\seg\SDK\SDK_Export\hw\imgs\LED_7Segment.jpg" SVGNAME="E:\digilent\seg\SDK\SDK_Export\hw\imgs\LED_7Segment.svg" TMPSVGFN="E:\digilent\seg\__xps\.dswkshop\LED_7Segment.svg"/>

  <RENDERIMG RASNAME="E:\digilent\seg\SDK\SDK_Export\hw\imgs\axi_gpio_0.jpg" SVGNAME="E:\digilent\seg\SDK\SDK_Export\hw\imgs\axi_gpio_0.svg" TMPSVGFN="E:\digilent\seg\__xps\.dswkshop\axi_gpio_0.svg"/>

  <RENDERIMG RASNAME="E:\digilent\seg\SDK\SDK_Export\hw\imgs\system_blkd.jpg" SVGNAME="E:\digilent\seg\SDK\SDK_Export\hw\imgs\system_blkd.svg" TMPSVGFN="E:\digilent\seg\__xps\.dswkshop\system_blkd.svg"/>

</RENDERBATCH>