
<RENDERBATCH>

  <RENDERIMG RASNAME="E:\Project\N4\lab6\SDK\SDK_Export\hw\imgs\proc_sys_reset_0.jpg" SVGNAME="E:\Project\N4\lab6\SDK\SDK_Export\hw\imgs\proc_sys_reset_0.svg" TMPSVGFN="E:\Project\N4\lab6\__xps\.dswkshop\proc_sys_reset_0.svg"/>

  <RENDERIMG RASNAME="E:\Project\N4\lab6\SDK\SDK_Export\hw\imgs\microblaze_0_ilmb.jpg" SVGNAME="E:\Project\N4\lab6\SDK\SDK_Export\hw\imgs\microblaze_0_ilmb.svg" TMPSVGFN="E:\Project\N4\lab6\__xps\.dswkshop\microblaze_0_ilmb.svg"/>

  <RENDERIMG RASNAME="E:\Project\N4\lab6\SDK\SDK_Export\hw\imgs\microblaze_0_i_bram_ctrl.jpg" SVGNAME="E:\Project\N4\lab6\SDK\SDK_Export\hw\imgs\microblaze_0_i_bram_ctrl.svg" TMPSVGFN="E:\Project\N4\lab6\__xps\.dswkshop\microblaze_0_i_bram_ctrl.svg"/>

  <RENDERIMG RASNAME="E:\Project\N4\lab6\SDK\SDK_Export\hw\imgs\microblaze_0_dlmb.jpg" SVGNAME="E:\Project\N4\lab6\SDK\SDK_Export\hw\imgs\microblaze_0_dlmb.svg" TMPSVGFN="E:\Project\N4\lab6\__xps\.dswkshop\microblaze_0_dlmb.svg"/>

  <RENDERIMG RASNAME="E:\Project\N4\lab6\SDK\SDK_Export\hw\imgs\microblaze_0_d_bram_ctrl.jpg" SVGNAME="E:\Project\N4\lab6\SDK\SDK_Export\hw\imgs\microblaze_0_d_bram_ctrl.svg" TMPSVGFN="E:\Project\N4\lab6\__xps\.dswkshop\microblaze_0_d_bram_ctrl.svg"/>

  <RENDERIMG RASNAME="E:\Project\N4\lab6\SDK\SDK_Export\hw\imgs\microblaze_0_bram_block.jpg" SVGNAME="E:\Project\N4\lab6\SDK\SDK_Export\hw\imgs\microblaze_0_bram_block.svg" TMPSVGFN="E:\Project\N4\lab6\__xps\.dswkshop\microblaze_0_bram_block.svg"/>

  <RENDERIMG RASNAME="E:\Project\N4\lab6\SDK\SDK_Export\hw\imgs\microblaze_0.jpg" SVGNAME="E:\Project\N4\lab6\SDK\SDK_Export\hw\imgs\microblaze_0.svg" TMPSVGFN="E:\Project\N4\lab6\__xps\.dswkshop\microblaze_0.svg"/>

  <RENDERIMG RASNAME="E:\Project\N4\lab6\SDK\SDK_Export\hw\imgs\debug_module.jpg" SVGNAME="E:\Project\N4\lab6\SDK\SDK_Export\hw\imgs\debug_module.svg" TMPSVGFN="E:\Project\N4\lab6\__xps\.dswkshop\debug_module.svg"/>

  <RENDERIMG RASNAME="E:\Project\N4\lab6\SDK\SDK_Export\hw\imgs\clock_generator_0.jpg" SVGNAME="E:\Project\N4\lab6\SDK\SDK_Export\hw\imgs\clock_generator_0.svg" TMPSVGFN="E:\Project\N4\lab6\__xps\.dswkshop\clock_generator_0.svg"/>

  <RENDERIMG RASNAME="E:\Project\N4\lab6\SDK\SDK_Export\hw\imgs\axi4lite_0.jpg" SVGNAME="E:\Project\N4\lab6\SDK\SDK_Export\hw\imgs\axi4lite_0.svg" TMPSVGFN="E:\Project\N4\lab6\__xps\.dswkshop\axi4lite_0.svg"/>

  <RENDERIMG RASNAME="E:\Project\N4\lab6\SDK\SDK_Export\hw\imgs\RS232.jpg" SVGNAME="E:\Project\N4\lab6\SDK\SDK_Export\hw\imgs\RS232.svg" TMPSVGFN="E:\Project\N4\lab6\__xps\.dswkshop\RS232.svg"/>

  <RENDERIMG RASNAME="E:\Project\N4\lab6\SDK\SDK_Export\hw\imgs\ip_ad_0.jpg" SVGNAME="E:\Project\N4\lab6\SDK\SDK_Export\hw\imgs\ip_ad_0.svg" TMPSVGFN="E:\Project\N4\lab6\__xps\.dswkshop\ip_ad_0.svg"/>

  <RENDERIMG RASNAME="E:\Project\N4\lab6\SDK\SDK_Export\hw\imgs\ip_da_0.jpg" SVGNAME="E:\Project\N4\lab6\SDK\SDK_Export\hw\imgs\ip_da_0.svg" TMPSVGFN="E:\Project\N4\lab6\__xps\.dswkshop\ip_da_0.svg"/>

  <RENDERIMG RASNAME="E:\Project\N4\lab6\SDK\SDK_Export\hw\imgs\lab6_blkd.jpg" SVGNAME="E:\Project\N4\lab6\SDK\SDK_Export\hw\imgs\lab6_blkd.svg" TMPSVGFN="E:\Project\N4\lab6\__xps\.dswkshop\lab6_blkd.svg"/>

</RENDERBATCH>