
<RENDERBATCH>

  <RENDERIMG RASNAME="D:\Nexys4_lab\lab2\SDK\SDK_Export\hw\imgs\proc_sys_reset_0.jpg" SVGNAME="D:\Nexys4_lab\lab2\SDK\SDK_Export\hw\imgs\proc_sys_reset_0.svg" TMPSVGFN="D:\Nexys4_lab\lab2\__xps\.dswkshop\proc_sys_reset_0.svg"/>

  <RENDERIMG RASNAME="D:\Nexys4_lab\lab2\SDK\SDK_Export\hw\imgs\microblaze_0_ilmb.jpg" SVGNAME="D:\Nexys4_lab\lab2\SDK\SDK_Export\hw\imgs\microblaze_0_ilmb.svg" TMPSVGFN="D:\Nexys4_lab\lab2\__xps\.dswkshop\microblaze_0_ilmb.svg"/>

  <RENDERIMG RASNAME="D:\Nexys4_lab\lab2\SDK\SDK_Export\hw\imgs\microblaze_0_i_bram_ctrl.jpg" SVGNAME="D:\Nexys4_lab\lab2\SDK\SDK_Export\hw\imgs\microblaze_0_i_bram_ctrl.svg" TMPSVGFN="D:\Nexys4_lab\lab2\__xps\.dswkshop\microblaze_0_i_bram_ctrl.svg"/>

  <RENDERIMG RASNAME="D:\Nexys4_lab\lab2\SDK\SDK_Export\hw\imgs\microblaze_0_dlmb.jpg" SVGNAME="D:\Nexys4_lab\lab2\SDK\SDK_Export\hw\imgs\microblaze_0_dlmb.svg" TMPSVGFN="D:\Nexys4_lab\lab2\__xps\.dswkshop\microblaze_0_dlmb.svg"/>

  <RENDERIMG RASNAME="D:\Nexys4_lab\lab2\SDK\SDK_Export\hw\imgs\microblaze_0_d_bram_ctrl.jpg" SVGNAME="D:\Nexys4_lab\lab2\SDK\SDK_Export\hw\imgs\microblaze_0_d_bram_ctrl.svg" TMPSVGFN="D:\Nexys4_lab\lab2\__xps\.dswkshop\microblaze_0_d_bram_ctrl.svg"/>

  <RENDERIMG RASNAME="D:\Nexys4_lab\lab2\SDK\SDK_Export\hw\imgs\microblaze_0_bram_block.jpg" SVGNAME="D:\Nexys4_lab\lab2\SDK\SDK_Export\hw\imgs\microblaze_0_bram_block.svg" TMPSVGFN="D:\Nexys4_lab\lab2\__xps\.dswkshop\microblaze_0_bram_block.svg"/>

  <RENDERIMG RASNAME="D:\Nexys4_lab\lab2\SDK\SDK_Export\hw\imgs\microblaze_0.jpg" SVGNAME="D:\Nexys4_lab\lab2\SDK\SDK_Export\hw\imgs\microblaze_0.svg" TMPSVGFN="D:\Nexys4_lab\lab2\__xps\.dswkshop\microblaze_0.svg"/>

  <RENDERIMG RASNAME="D:\Nexys4_lab\lab2\SDK\SDK_Export\hw\imgs\debug_module.jpg" SVGNAME="D:\Nexys4_lab\lab2\SDK\SDK_Export\hw\imgs\debug_module.svg" TMPSVGFN="D:\Nexys4_lab\lab2\__xps\.dswkshop\debug_module.svg"/>

  <RENDERIMG RASNAME="D:\Nexys4_lab\lab2\SDK\SDK_Export\hw\imgs\clock_generator_0.jpg" SVGNAME="D:\Nexys4_lab\lab2\SDK\SDK_Export\hw\imgs\clock_generator_0.svg" TMPSVGFN="D:\Nexys4_lab\lab2\__xps\.dswkshop\clock_generator_0.svg"/>

  <RENDERIMG RASNAME="D:\Nexys4_lab\lab2\SDK\SDK_Export\hw\imgs\axi4lite_0.jpg" SVGNAME="D:\Nexys4_lab\lab2\SDK\SDK_Export\hw\imgs\axi4lite_0.svg" TMPSVGFN="D:\Nexys4_lab\lab2\__xps\.dswkshop\axi4lite_0.svg"/>

  <RENDERIMG RASNAME="D:\Nexys4_lab\lab2\SDK\SDK_Export\hw\imgs\RS232.jpg" SVGNAME="D:\Nexys4_lab\lab2\SDK\SDK_Export\hw\imgs\RS232.svg" TMPSVGFN="D:\Nexys4_lab\lab2\__xps\.dswkshop\RS232.svg"/>

  <RENDERIMG RASNAME="D:\Nexys4_lab\lab2\SDK\SDK_Export\hw\imgs\axi_gpio_button.jpg" SVGNAME="D:\Nexys4_lab\lab2\SDK\SDK_Export\hw\imgs\axi_gpio_button.svg" TMPSVGFN="D:\Nexys4_lab\lab2\__xps\.dswkshop\axi_gpio_button.svg"/>

  <RENDERIMG RASNAME="D:\Nexys4_lab\lab2\SDK\SDK_Export\hw\imgs\axi_gpio_switch.jpg" SVGNAME="D:\Nexys4_lab\lab2\SDK\SDK_Export\hw\imgs\axi_gpio_switch.svg" TMPSVGFN="D:\Nexys4_lab\lab2\__xps\.dswkshop\axi_gpio_switch.svg"/>

  <RENDERIMG RASNAME="D:\Nexys4_lab\lab2\SDK\SDK_Export\hw\imgs\system_blkd.jpg" SVGNAME="D:\Nexys4_lab\lab2\SDK\SDK_Export\hw\imgs\system_blkd.svg" TMPSVGFN="D:\Nexys4_lab\lab2\__xps\.dswkshop\system_blkd.svg"/>

</RENDERBATCH>